Workbook

Sheet Campaign Data
A1: Campaign | B1: Platform | C1: Product | D1: Month | E1: Spend (₹) | F1: Leads | G1: Conversions | H1: Conversion Rate
A2: Glow Serum Launch | B2: Instagram | C2: Serum | D2: Jan | E2: 12000 | F2: 420 | G2: 84 | H2: =CampaignTable[[#This Row],[Conversions]]/CampaignTable[[#This Row],[Leads]] -> 0.2
A3: Glow Serum Launch | B3: Google | C3: Serum | D3: Jan | E3: 15000 | F3: 510 | G3: 98 | H3: =CampaignTable[[#This Row],[Conversions]]/CampaignTable[[#This Row],[Leads]] -> 0.19215686
A4: Glow Serum Launch | B4: YouTube | C4: Serum | D4: Jan | E4: 9000 | F4: 260 | G4: 52 | H4: =CampaignTable[[#This Row],[Conversions]]/CampaignTable[[#This Row],[Leads]] -> 0.2
A5: Summer Skin | B5: Instagram | C5: Sunscreen | D5: Feb | E5: 14000 | F5: 560 | G5: 34 | H5: =CampaignTable[[#This Row],[Conversions]]/CampaignTable[[#This Row],[Leads]] -> 0.060714286
A6: Summer Skin | B6: Google | C6: Sunscreen | D6: Feb | E6: 17000 | F6: 620 | G6: 56 | H6: =CampaignTable[[#This Row],[Conversions]]/CampaignTable[[#This Row],[Leads]] -> 0.090322581
A7: Summer Skin | B7: YouTube | C7: Sunscreen | D7: Feb | E7: 11000 | F7: 310 | G7: 67 | H7: =CampaignTable[[#This Row],[Conversions]]/CampaignTable[[#This Row],[Leads]] -> 0.21612903
A8: Fresh Face | B8: Instagram | C8: Face Wash | D8: Mar | E8: 10000 | F8: 380 | G8: 89 | H8: =CampaignTable[[#This Row],[Conversions]]/CampaignTable[[#This Row],[Leads]] -> 0.23421053
A9: Fresh Face | B9: Google | C9: Face Wash | D9: Mar | E9: 13000 | F9: 470 | G9: 94 | H9: =CampaignTable[[#This Row],[Conversions]]/CampaignTable[[#This Row],[Leads]] -> 0.2
A10: Fresh Face | B10: YouTube | C10: Face Wash | D10: Mar | E10: 8000 | F10: 220 | G10: 56 | H10: =CampaignTable[[#This Row],[Conversions]]/CampaignTable[[#This Row],[Leads]] -> 0.25454545
A11: Glow Serum Launch | B11: Instagram | C11: Serum | D11: Apr | E11: 16000 | F11: 610 | G11: 68 | H11: =CampaignTable[[#This Row],[Conversions]]/CampaignTable[[#This Row],[Leads]] -> 0.11147541
A12: Glow Serum Launch | B12: Google | C12: Serum | D12: Apr | E12: 19000 | F12: 700 | G12: 112 | H12: =CampaignTable[[#This Row],[Conversions]]/CampaignTable[[#This Row],[Leads]] -> 0.16
A13: Glow Serum Launch | B13: YouTube | C13: Serum | D13: Apr | E13: 12000 | F13: 350 | G13: 78 | H13: =CampaignTable[[#This Row],[Conversions]]/CampaignTable[[#This Row],[Leads]] -> 0.22285714
... A19: Fresh Face | B19: YouTube | C19: Face Wash | D19: Jun | E19: 9000 | F19: 280 | G19: 78 | H19: =CampaignTable[[#This Row],[Conversions]]/CampaignTable[[#This Row],[Leads]] -> 0.27857143

Sheet Dashboard
A1: MARKETING CAMPAIGN COMMAND CENTER
A3: TOTAL AD SPEND | C3: TOTAL LEADS | E3: TOTAL CONVERSIONS | G3: CONVERSION RATE
A4: =SUM(CampaignTable[Spend (₹)]) -> 242000 | C4: =SUM('Campaign Data'!F2:F19) -> 8670 | E4: =SUM('Campaign Data'!G2:G19) -> 1473 | G4: =Dashboard!E4/Dashboard!C4 -> 0.16989619
B21: Select Platform | C21: Instagram
B23: SELECTED PLATFORM | C23: Conversions | D23: Cost Per Conversion
B24: =C21 -> Instagram | C24: =SUMIF(CampaignTable[Platform],Dashboard!C21,CampaignTable[Conversions]) -> 474 | D24: =SUMIF(CampaignTable[Platform],Dashboard!C21,CampaignTable[Spend (₹)])/SUMIF(CampaignTable[Platform],Dashboard!C21,CampaignTable[Conversions]) -> 170.88608

Sheet Dashboard Calculations
J3: Month | K3: Conversions
J4: Jan | K4: =SUMIFS(CampaignTable[Conversions],CampaignTable[Platform],Dashboard!$C$21,CampaignTable[Month],'Dashboard Calculations'!J4) -> 84
D5: Platform | E5: Total Conversions | J5: Feb | K5: =SUMIFS(CampaignTable[Conversions],CampaignTable[Platform],Dashboard!$C$21,CampaignTable[Month],'Dashboard Calculations'!J5) -> 34
D6: Instagram | E6: =SUMIF(CampaignTable[Platform],'Campaign Data'!B8,CampaignTable[Conversions]) -> 474 | J6: Mar | K6: =SUMIFS(CampaignTable[Conversions],CampaignTable[Platform],Dashboard!$C$21,CampaignTable[Month],'Dashboard Calculations'!J6) -> 89
D7: Google | E7: =SUMIF(CampaignTable[Platform],'Campaign Data'!B9,CampaignTable[Conversions]) -> 623 | G7: Platform | H7: Cost Per Conversion | J7: Apr | K7: =SUMIFS(CampaignTable[Conversions],CampaignTable[Platform],Dashboard!$C$21,CampaignTable[Month],'Dashboard Calculations'!J7) -> 68
D8: Youtube | E8: =SUMIF(CampaignTable[Platform],'Campaign Data'!B10,CampaignTable[Conversions]) -> 376 | G8: Instagram | H8: =SUMIF(CampaignTable[Platform],'Campaign Data'!B5,CampaignTable[Spend (₹)])/SUMIF(CampaignTable[Platform],'Campaign Data'!B5,CampaignTable[Conversions]) -> 170.88608 | J8: May | K8: =SUMIFS(CampaignTable[Conversions],CampaignTable[Platform],Dashboard!$C$21,CampaignTable[Month],'Dashboard Calculations'!J8) -> 143
G9: Google | H9: =SUMIF(CampaignTable[Platform],'Campaign Data'!B6,CampaignTable[Spend (₹)])/SUMIF(CampaignTable[Platform],'Campaign Data'!B6,CampaignTable[Conversions]) -> 158.90851 | J9: Jun | K9: =SUMIFS(CampaignTable[Conversions],CampaignTable[Platform],Dashboard!$C$21,CampaignTable[Month],'Dashboard Calculations'!J9) -> 56
G10: Youtube | H10: =SUMIF(CampaignTable[Platform],'Campaign Data'!B7,CampaignTable[Spend (₹)])/SUMIF(CampaignTable[Platform],'Campaign Data'!B7,CampaignTable[Conversions]) -> 164.89362
